City,State,ELEV_M,TEMP,HI,RH,WDSP,PRCP,MAX,MIN,I_FOG,I_RAIN_DRIZZLE,I_SNOW_ICE,I_HAIL,I_THUNDER,I_TORNADO_FUNNEL,Season
Akron,OH,206,29.57673130193906,29.246537396121884,75.49861495844875,4.29196675900277,2.0844875346260388,71.96,-11.02,25,41,68,0,3,0,Winter
Albany,NY,111.3,31.00725761772853,30.526315789473685,66.80415512465375,2.880886426592798,2.4335180055401664,75.02,-13,61,102,104,0,0,0,Winter
Albuquerque,NM,2159.8,36.01684210526316,34.72299168975069,51.682271468144044,5.798891966759003,0.542382271468144,69.98,-0.4,37,35,63,0,0,0,Winter
Ann Arbor,MI,206,29.338891966759004,28.98337950138504,74.34653739612189,4.227700831024931,1.5229916897506925,69.08,-11.02,28,36,55,0,1,0,Winter
Arlington,TX,228.3,48.918005540166206,47.41551246537396,66.83739612188366,3.4886426592797783,2.419667590027701,84.92,6.98,40,103,11,0,21,0,Winter
Arlington,VA,2,38.81556786703601,37.93905817174515,64.85595567867036,2.2047091412742383,2.6817174515235456,82.94,-9.04,41,87,48,0,4,0,Winter
Asheville,NC,358.1,42.76360110803324,41.38504155124654,62.777562326869806,2.0941828254847645,3.037950138504155,82.94,5,73,109,19,0,3,0,Winter
Athens,GA,232.6,47.51041551246537,46.26869806094183,70.13047091412743,2.11191135734072,4.378670360110803,80.96,8.96,37,131,8,0,12,0,Winter
Atlanta,GA,232.6,47.51041551246537,46.26869806094183,70.13047091412743,2.11191135734072,4.378670360110803,80.96,8.96,37,131,8,0,12,0,Winter
Augusta,GA,14,53.05800554016621,51.70914127423823,67.84542936288089,3.078393351800554,3.082825484764543,87.08,19.04,78,121,2,0,12,0,Winter
Austin,TX,152.4,54.152963988919666,52.634349030470915,65.5628808864266,3.9254847645429365,1.7587257617728531,91.94,15.98,66,125,6,0,17,0,Winter
Bakersfield,CA,54.6,58.97656509695291,57.21052631578947,55.96897506925208,0.8645429362880886,2.1329639889196677,89.96,35.06,21,68,0,0,0,0,Winter
Baltimore,MD,2,35.70171745152354,35.05263157894737,68.12465373961219,2.3994459833795014,1.9119113573407203,77,-4,34,72,42,0,2,0,Winter
Bellevue,WA,15,43.3021052631579,41.97783933518006,80.13905817174515,4.72797783933518,2.052354570637119,62.96,21.92,26,102,6,0,0,0,Winter
Bellingham,WA,15,38.26559556786704,37.24653739612188,80.56592797783934,3.852354570637119,1.8285318559556787,62.96,-21.64,26,102,6,0,0,0,Winter
Berkeley,CA,37.2,48.68365650969529,47.0775623268698,77.66675900277008,2.3149584487534627,1.2977839335180055,78.8,24.98,77,61,1,0,2,0,Winter
Birmingham,AL,236.5,50.48664819944598,48.986149584487535,65.5792243767313,3.0229916897506923,4.809695290858726,84.92,8.06,33,123,8,0,25,0,Winter
Bloomington,IN,164.6,35.35418282548476,34.59833795013851,71.28808864265928,4.029362880886427,3.4229916897506927,78.98,-11.92,34,137,101,0,11,0,Winter
Boise,ID,773.3,24.44797783933518,24.393351800554015,82.51274238227147,1.5052631578947369,2.5457063711911356,60.8,-18.94,144,54,178,0,0,0,Winter
Boston,MA,40.5,34.90792243767313,34.1606648199446,67.46038781163435,3.5019390581717453,3.4609418282548474,64.94,-9.94,61,92,69,0,1,0,Winter
Boulder,CO,1884,27.660554016620498,26.92797783933518,53.69806094182825,3.7698060941828255,0.7132963988919667,77,-18.94,67,8,148,0,0,0,Winter
Brooklyn,NY,32,33.66038781163435,33.146814404432135,66.74598337950138,2.100277008310249,1.578393351800554,77,-9.04,26,66,42,0,1,0,Winter
Buffalo,NY,237.7,28.916565096952908,28.554016620498615,71.47091412742382,4.2903047091412745,1.577562326869806,75.92,-14.98,17,55,91,0,0,0,Winter
Burlington,VT,27.4,22.31939058171745,22.17174515235457,76.86814404432133,3.254016620498615,0.8939058171745152,68,-27.04,43,45,76,0,0,0,Winter
Charleston,SC,14,53.80243767313019,52.445983379501385,68.12049861495845,3.2722991689750693,3.2254847645429363,87.08,19.04,77,125,2,0,14,0,Winter
Charlotte,NC,358.1,42.76360110803324,41.38504155124654,62.777562326869806,2.0941828254847645,3.037950138504155,82.94,5,73,109,19,0,3,0,Winter
Chattanooga,TN,232.6,44.41102493074792,43.393351800554015,69.65124653739612,2.786149584487535,3.176731301939058,80.96,8.6,39,108,14,0,8,0,Winter
Chicago,IL,201.8,29.304487534626038,28.894736842105264,69.89639889196675,4.1149584487534625,1.4204986149584486,68,-9.94,29,68,86,0,4,0,Winter
Cincinnati,OH,164.6,35.36016620498615,34.60387811634349,71.45650969529086,3.7055401662049863,2.2337950138504157,75.2,-12.28,19,76,56,0,6,0,Winter
Cleveland,OH,206,29.57673130193906,29.246537396121884,75.49861495844875,4.29196675900277,2.0844875346260388,71.96,-11.02,25,41,68,0,3,0,Winter
College Station,TX,69.2,56.21324099722992,55.11634349030471,72.396675900277,3.2745152354570637,2.404709141274238,85.28,12.56,53,120,4,0,16,0,Winter
Colorado Springs,CO,1884,28.308753462603878,27.545706371191137,53.43268698060942,3.9481994459833794,0.6110803324099723,82.94,-18.94,59,11,131,0,0,0,Winter
Columbia,SC,12.2,52.810692520775625,51.49307479224377,68.75678670360111,3.451246537396122,2.836842105263158,86,14,76,138,5,0,12,0,Winter
Columbus,OH,268.2,30.569473684210525,30.191135734072024,77.21191135734072,4.2490304709141276,2.2013850415512466,74.48,-12.28,27,57,86,0,1,0,Winter
Dallas,TX,228.3,48.918005540166206,47.41551246537396,66.83739612188366,3.4886426592797783,2.419667590027701,84.92,6.98,40,103,11,0,21,0,Winter
Dayton,OH,305.7,33.30038781163435,32.767313019390585,73.93157894736842,4.036288088642659,2.5529085872576176,74.48,-12.28,21,76,62,0,6,0,Winter
Denver,CO,1884,27.660554016620498,26.92797783933518,53.69806094182825,3.7698060941828255,0.7132963988919667,77,-18.94,67,8,148,0,0,0,Winter
Des Moines,IA,264.6,26.850803324099722,26.565096952908586,73.83296398891967,4.745152354570637,1.0590027700831024,75.02,-23.98,56,75,117,0,6,0,Winter
Detroit,MI,206,29.57673130193906,29.246537396121884,75.49861495844875,4.29196675900277,2.0844875346260388,71.96,-11.02,25,41,68,0,3,0,Winter
Durham,NC,56.7,44.005650969529086,42.83656509695291,66.21274238227147,2.390304709141274,2.4465373961218835,81.68,-2.38,36,69,8,0,2,0,Winter
Eugene,OR,48.5,41.506094182825485,40.42659279778393,84.17285318559557,2.8202216066481993,6.055124653739612,66.92,17.06,150,209,57,0,0,0,Winter
Everett,WA,15,43.185927977839334,41.85595567867036,79.59390581717452,4.49196675900277,1.2565096952908588,62.96,21.92,26,102,6,0,0,0,Winter
Fayetteville,AR,122.8,41.975290858725764,40.83656509695291,67.40470914127424,2.6110803324099723,2.9988919667590026,82.04,3.92,28,97,18,0,15,0,Winter
Fort Collins,CO,1863.2,26.632908587257617,25.969529085872576,65.5972299168975,2.904709141274238,0.1781163434903047,77,-22,31,7,63,0,0,0,Winter
Fort Lauderdale,FL,8.8,71.11983379501385,71.45983379501385,71.4578947368421,3.603324099722992,2.452354570637119,87.08,39.92,11,121,0,0,11,0,Winter
Fort Myers,FL,7.6,69.72570637119114,69.93074792243767,72.4398891966759,4.04792243767313,2.6049861495844877,87.98,37.94,33,131,0,0,14,0,Winter
Fort Wayne,IN,189.6,29.788144044321328,29.365650969529085,68.30027700831025,4.558725761772854,1.0227146814404433,69.08,-11.02,34,68,92,0,2,0,Winter
Fort Worth,TX,228.3,48.85418282548476,47.30193905817175,65.31385041551246,3.5371191135734072,1.931578947368421,84.92,6.98,34,97,15,0,18,0,Winter
Fresno,CA,149.1,49.367257617728534,47.69806094182825,73.63324099722992,1.6542936288088643,1.1238227146814403,80.96,24.8,49,63,0,0,2,0,Winter
Grand Rapids,MI,261.8,28.597451523545708,28.293628808864266,75.39196675900277,4.7512465373961215,1.9016620498614958,66.02,-14.98,73,97,154,0,5,0,Winter
Greensboro,NC,358.1,42.76360110803324,41.38504155124654,62.777562326869806,2.0941828254847645,3.037950138504155,82.94,5,73,109,19,0,3,0,Winter
Greenville,SC,40.2,50.222880886426594,48.85872576177285,66.84875346260388,2.51191135734072,3.6745152354570636,86,12.92,77,127,4,0,10,0,Winter
Harrisburg,PA,2,33.754127423822716,33.16620498614959,68.02853185595568,2.3313019390581715,1.6019390581717452,77,-4,40,71,61,0,1,0,Winter
Hartford,CT,52.7,34.2786703601108,33.62049861495845,65.17894736842105,2.975346260387812,3.0988919667590027,64.94,-9.94,71,120,85,0,1,0,Winter
Houston,TX,13.7,56.9187811634349,56.05817174515236,76.38254847645429,3.7590027700831024,3.3980609418282546,87.98,19.04,86,130,4,0,16,0,Winter
Huntsville,AL,232.6,45.50598337950139,44.49307479224377,70.51883656509695,2.6673130193905816,3.4454293628808865,80.96,8.06,19,111,11,0,16,0,Winter
Indianapolis,IN,305.7,35.02060941828255,34.3185595567867,71.4,4.178947368421053,3.3905817174515236,78.98,-11.92,36,137,107,0,11,0,Winter
Irvine,CA,468.2,57.61185595567867,55.34349030470914,48.42714681440443,2.1706371191135734,1.265927977839335,91.04,25.88,13,71,1,0,1,1,Winter
Jacksonville,FL,7.9,56.99490909090909,56.07272727272727,75.34363636363636,3.1351515151515152,2.4654545454545453,86,24.08,66,95,1,0,15,0,Winter
Jersey City,NJ,32,33.66038781163435,33.146814404432135,66.74598337950138,2.100277008310249,1.578393351800554,77,-9.04,26,66,42,0,1,0,Winter
Kansas City,MO,274.3,35.102,34.21111111111111,65.87861111111111,4.608611111111111,0.8980555555555555,78.98,-11.02,30,58,51,0,5,0,Winter
Knoxville,TN,271.6,43.94781163434903,42.61495844875346,65.55180055401662,2.610526315789474,2.6188365650969527,78.08,3.02,51,90,19,0,4,0,Winter
Las Vegas,NV,271.3,50.83617728531856,47.77839335180055,40.07285318559557,2.758448753462604,0.5019390581717451,82.04,10.04,5,49,4,0,2,0,Winter
Lexington,KY,164.6,38.52288088642659,37.59833795013851,67.82520775623269,2.331301939058172,2.9764542936288088,80.06,-7.06,52,106,63,0,1,0,Winter
Lincoln,NE,447.8,29.578227146814406,29.110803324099724,70.63739612188365,4.406094182825485,0.9313019390581717,77,-20.02,34,51,84,1,6,0,Winter
Little Rock,AR,88.4,46.606925207756234,45.313019390581715,68.5218836565097,2.9581717451523546,4.863434903047091,82.04,6.98,41,141,12,0,20,0,Winter
Long Beach,CA,468.2,57.61185595567867,55.34349030470914,48.42714681440443,2.1706371191135734,1.265927977839335,91.04,25.88,13,71,1,0,1,1,Winter
Los Angeles,CA,468.2,57.61185595567867,55.34349030470914,48.42714681440443,2.1706371191135734,1.265927977839335,91.04,25.88,13,71,1,0,1,1,Winter
Louisville,KY,164.6,36.08764542936288,35.310249307479225,70.58393351800554,3.770083102493075,2.7518005540166204,78.98,-11.92,26,102,79,0,8,0,Winter
Lubbock,TX,1375.6,48.20049861495845,46.02493074792244,51.954016620498614,3.8484764542936287,1.127146814404432,93.92,8.96,26,46,11,0,15,0,Winter
Madison,WI,312.1,25.057285318559558,24.90858725761773,77.75567867036011,4.054847645429363,0.9930747922437673,71.24,-23.98,24,35,75,0,2,0,Winter
Manchester,NH,40.5,34.39883656509695,33.714681440443215,68.64875346260388,3.5584487534626037,3.084764542936288,64.94,-9.94,70,121,88,0,2,0,Winter
Melbourne,FL,23.5,64.08886426592798,63.692520775623265,73.73130193905817,3.4202216066481994,2.304432132963989,87.98,23,76,106,1,0,12,0,Winter
Memphis,TN,110,43.177451523545706,42.121883656509695,69.51440443213296,3.534903047091413,4.69224376731302,80.06,-5.98,44,115,21,0,27,0,Winter
Miami,FL,2.4,71.755567867036,72.54847645429363,76.28753462603878,3.871191135734072,2.086703601108033,87.98,39.92,13,108,0,0,10,0,Winter
Milwaukee,WI,201.8,28.595457063711912,28.218836565096954,71.31052631578947,4.740443213296399,1.5700831024930748,69.98,-13,40,102,127,0,10,0,Winter
Minneapolis,MN,355,19.694681440443212,19.6398891966759,76.49196675900276,3.466481994459834,0.9246537396121883,60.98,-23.98,38,33,152,0,1,0,Winter
Mobile,AL,6.7,56.18731301939058,55.09972299168975,71.03684210526316,3.3709141274238226,4.760387811634349,82.94,17.06,66,130,3,0,25,0,Winter
Nashville,TN,176.2,43.89047091412743,42.93905817174515,70.99861495844875,3.326869806094183,2.9759002770083103,80.96,6.08,18,104,16,0,16,0,Winter
New Haven,CT,32,34.04731301939058,33.42382271468144,66.23739612188366,2.8421052631578947,3.1501385041551244,64.94,-9.94,70,119,80,0,2,0,Winter
New Orleans,LA,1.2,58.47346260387812,57.54293628808864,73.0994459833795,4.505817174515236,2.5950138504155125,82.94,21.02,77,73,4,0,15,0,Winter
New York,NY,32,33.684321329639886,33.1578947368421,67.61495844875347,2.389196675900277,1.7105263157894737,77,-9.94,34,64,49,0,1,0,Winter
Newark,NJ,32,33.66038781163435,33.146814404432135,66.74598337950138,2.100277008310249,1.578393351800554,77,-9.04,26,66,42,0,1,0,Winter
Norfolk,VA,4,43.626703601108034,42.59833795013851,68.32160664819945,2.545983379501385,1.790027700831025,82.4,-9.04,20,47,9,0,0,0,Winter
Oakland,CA,37.2,48.68365650969529,47.0775623268698,77.66675900277008,2.3149584487534627,1.2977839335180055,78.8,24.98,77,61,1,0,2,0,Winter
Oklahoma City,OK,310,42.8378947368421,41.21329639889197,59.38227146814405,4.890858725761773,0.9914127423822715,93.92,1.94,32,66,25,0,13,0,Winter
Olympia,WA,15,43.3021052631579,41.97783933518006,80.13905817174515,4.72797783933518,2.052354570637119,62.96,21.92,26,102,6,0,0,0,Winter
Omaha,NE,249.3,28.825817174515237,28.44875346260388,70.64099722991689,4.3052631578947365,1.0662049861495844,76.46,-20.02,40,70,108,1,7,0,Winter
Orlando,FL,23.5,63.161272727272724,62.65151515151515,73.25393939393939,3.3875757575757577,2.1903030303030304,87.98,23,85,93,0,0,9,0,Winter
Pensacola,FL,6.7,55.8008864265928,54.70637119113574,71.86149584487535,3.209141274238227,4.428808864265928,82.94,17.06,69,121,1,0,28,0,Winter
Philadelphia,PA,2,33.90221606648199,33.337950138504155,66.7983379501385,2.1379501385041553,1.503601108033241,77,-9.04,29,68,42,0,1,0,Winter
Phoenix,AZ,311.2,53.851301939058175,51.42936288088643,48.89501385041551,2.1049861495844877,0.3307479224376731,89.96,15.08,4,33,7,0,3,0,Winter
Pittsburgh,PA,378,34.990692520775625,34.2797783933518,69.15207756232687,2.8033240997229916,2.995290858725762,78.08,-14.98,46,150,128,0,2,0,Winter
Plano,TX,228.3,49.12393351800554,47.634349030470915,67.04598337950138,3.272853185595568,2.4329639889196675,84.92,8.6,31,82,6,0,11,0,Winter
Portland,ME,40.5,31.374238227146815,30.933518005540165,65.69418282548476,4.036288088642659,2.663157894736842,75.02,-14.98,57,109,109,1,2,0,Winter
Portland,OR,16.8,40.59612188365651,39.67036011080332,86.58559556786703,1.3825484764542937,5.388919667590027,64.94,8.96,104,235,31,0,1,0,Winter
Queens,NY,32,33.66038781163435,33.146814404432135,66.74598337950138,2.100277008310249,1.578393351800554,77,-9.04,26,66,42,0,1,0,Winter
Raleigh,NC,56.7,44.005650969529086,42.83656509695291,66.21274238227147,2.390304709141274,2.4465373961218835,81.68,-2.38,36,69,8,0,2,0,Winter
Reno,NV,37.2,44.921108033241,43.48199445983379,73.8218836565097,2.093074792243767,1.4337950138504154,75.2,8.96,52,64,24,0,1,0,Winter
Richmond,VA,15.2,42.85634349030471,41.825484764542935,67.2398891966759,2.4493074792243767,1.4565096952908587,82.4,-9.04,18,35,12,0,1,0,Winter
Rochester,NY,78,28.95595567867036,28.573407202216067,70.37146814404433,3.9950138504155124,1.6177285318559556,75.92,-11.02,19,43,79,0,0,0,Winter
Rockville,MD,2,38.61313019390582,37.7617728531856,65.8163434903047,2.4842105263157896,2.8141274238227147,82.94,-4,46,112,53,0,4,0,Winter
Sacramento,CA,37.2,48.68365650969529,47.0775623268698,77.66675900277008,2.3149584487534627,1.2977839335180055,78.8,24.98,77,61,1,0,2,0,Winter
Saint Louis,MO,102.4,37.421939058171745,36.66759002770083,72.13545706371191,3.9831024930747922,2.5041551246537397,80.06,-18.94,41,105,43,0,10,0,Winter
Saint Paul,MN,355,19.694681440443212,19.6398891966759,76.49196675900276,3.466481994459834,0.9246537396121883,60.98,-23.98,38,33,152,0,1,0,Winter
Saint Petersburg,FL,23.5,62.518725761772856,61.88919667590028,72.41024930747922,3.2141274238227147,2.165927977839335,89.06,23,100,104,1,0,14,0,Winter
Salem,OR,16.8,40.59612188365651,39.67036011080332,86.58559556786703,1.3825484764542937,5.388919667590027,64.94,8.96,104,235,31,0,1,0,Winter
Salt Lake City,UT,1804.7,31.10448753462604,30.565096952908586,65.47396121883656,2.2795013850415513,0.4332409972299169,62.06,-5.98,35,21,56,0,0,0,Winter
San Antonio,TX,35.1,55.29329639889197,53.797783933518005,65.94487534626039,3.3005540166204987,1.2210526315789474,90.5,15.98,63,112,6,0,11,0,Winter
San Diego,CA,468.2,57.99828254847645,55.59833795013851,44.61052631578947,2.4376731301939056,0.7795013850415512,91.04,25.88,13,60,1,0,1,1,Winter
San Francisco,CA,37.2,49.35080332409972,47.70914127423823,76.8595567867036,2.3002770083102493,2.078670360110803,78.8,24.08,65,62,0,0,3,0,Winter
San Jose,CA,46.3,48.8985595567867,47.29639889196676,77.51385041551247,2.3058171745152354,1.542382271468144,78.8,24.98,88,75,1,0,2,0,Winter
Santa Barbara,CA,54.6,58.97656509695291,57.21052631578947,55.96897506925208,0.8645429362880886,2.1329639889196677,89.96,35.06,21,68,0,0,0,0,Winter
Santa Rosa,CA,37.2,49.35080332409972,47.70914127423823,76.8595567867036,2.3002770083102493,2.078670360110803,78.8,24.08,65,62,0,0,3,0,Winter
Seattle,WA,15,43.3021052631579,41.97783933518006,80.13905817174515,4.72797783933518,2.052354570637119,62.96,21.92,26,102,6,0,0,0,Winter
Shreveport,LA,110.6,49.58764542936288,48.16897506925208,68.59972299168975,2.959556786703601,2.950692520775623,84.38,8.6,16,28,0,0,5,0,Winter
Sioux Falls,SD,532.8,22.238614958448753,22.177285318559555,80.08753462603879,5.469806094182825,0.6337950138504155,73.04,-27.94,57,37,124,0,0,0,Winter
Spokane,WA,646,30.789,30.544444444444444,83.08083333333333,2.042777777777778,2.7969444444444442,64.94,-1.48,39,34,24,0,0,0,Winter
Springfield,MO,412.4,39.97285318559557,38.9224376731302,67.65512465373962,4.003324099722992,2.7191135734072023,82.04,-0.04,33,121,51,0,15,0,Winter
Syracuse,NY,144.8,27.595,27.272222222222222,71.61944444444444,3.8961111111111113,2.4516666666666667,69.98,-16.06,86,120,214,0,0,0,Winter
Tacoma,WA,14.3,42.78554016620499,41.54847645429363,78.81218836565097,3.9013850415512463,1.891135734072022,62.96,19.4,47,185,13,0,1,0,Winter
Tampa,FL,23.5,62.536500000000004,62.022222222222226,74.95805555555556,3.0808333333333335,2.2247222222222223,87.98,23,79,90,1,0,12,0,Winter
Tucson,AZ,776.9,51.925152354570635,49.04432132963989,40.99002770083103,2.7465373961218837,0.8160664819944599,87.98,17.96,6,64,8,0,2,0,Winter
Tulsa,OK,299.9,41.60880886426593,40.28808864265928,61.66592797783934,4.28393351800554,1.697229916897507,86,1.04,24,88,25,1,9,0,Winter
Vancouver,WA,16.8,40.59612188365651,39.67036011080332,86.58559556786703,1.3825484764542937,5.388919667590027,64.94,8.96,104,235,31,0,1,0,Winter
Virginia Beach,VA,4,45.04925207756233,43.91412742382271,69.47202216066482,3.6124653739612187,2.1617728531855955,82.4,6.98,34,109,27,0,0,0,Winter
Washington,DC,2,36.5,35.717451523545705,64.53795013850416,3.021606648199446,2.434903047091413,80.06,-4,48,117,74,0,2,0,Winter
West Palm Beach,FL,2.7,70.15501385041551,70.39889196675901,72.05817174515235,4.0484764542936285,2.710803324099723,87.98,37.94,26,136,0,0,14,0,Winter
Wichita,KS,350.5,35.887,34.94722222222222,65.47,4.631111111111111,1.0241666666666667,78.98,-9.94,24,51,38,0,4,0,Winter
Winston-salem,NC,358.1,42.76360110803324,41.38504155124654,62.777562326869806,2.0941828254847645,3.037950138504155,82.94,5,73,109,19,0,3,0,Winter
Akron,OH,393.2,54.79126373626374,54.02197802197802,73.78131868131868,3.375,2.974725274725275,91.04,-0.04,15,67,11,0,7,0,Spring
Albany,NY,111.3,54.33087912087912,53.497252747252745,73.06181318681318,2.4167582417582416,3.307142857142857,93.92,-9.04,54,150,8,0,2,0,Spring
Albuquerque,NM,1618.5,55.79510989010989,53.61538461538461,46.081593406593406,4.783791208791209,1.1478021978021977,93.02,14,19,79,6,0,22,0,Spring
Ann Arbor,MI,189.6,55.129010989010986,54.32142857142857,72.55604395604395,3.3453296703296704,2.4057692307692307,96.08,1.04,14,54,14,0,7,0,Spring
Arlington,TX,165.8,68.24478021978022,68.45879120879121,66.91208791208791,2.9843406593406594,3.7634615384615384,96.8,24.08,10,102,0,0,31,0,Spring
Arlington,VA,62.5,59.60972527472528,59.137362637362635,75.46043956043957,1.6065934065934067,2.9436813186813184,93.02,14,36,81,1,0,8,0,Spring
Asheville,NC,358.1,61.044285714285714,60.37362637362637,71.33763736263737,1.807967032967033,3.701648351648352,91.04,19.94,53,104,1,0,13,0,Spring
Athens,GA,104.6,64.31642857142857,63.98076923076923,72.03516483516484,1.7664835164835164,2.833791208791209,93.02,24.98,41,89,0,0,15,0,Spring
Atlanta,GA,104.6,64.31642857142857,63.98076923076923,72.03516483516484,1.7664835164835164,2.833791208791209,93.02,24.98,41,89,0,0,15,0,Spring
Augusta,GA,14,68.52565934065935,69.14010989010988,74.12252747252747,2.7744505494505494,2.382142857142857,96.98,26.06,90,122,0,0,31,0,Spring
Austin,TX,240.5,71.37401098901098,72.21153846153847,67.75851648351649,3.4,2.652197802197802,98.06,30.92,49,121,0,0,28,0,Spring
Bakersfield,CA,54.6,69.16851648351648,68.4065934065934,56.30521978021978,1.012087912087912,0.41620879120879123,95,37.04,6,29,0,0,0,0,Spring
Baltimore,MD,14.3,56.838516483516486,56.247252747252745,75.66565934065935,1.8571428571428572,1.2431318681318682,91.4,10.4,23,56,1,0,7,0,Spring
Bellevue,WA,14.3,52.00620879120879,50.857142857142854,81.59203296703296,3.5425824175824174,1.6832417582417583,81.86,30.02,83,92,0,0,2,0,Spring
Bellingham,WA,14.3,50.081593406593406,48.82967032967033,79.11318681318681,2.9365384615384613,1.3156593406593406,87.08,19.04,83,92,0,0,2,0,Spring
Berkeley,CA,46.3,63.13305785123967,61.77685950413223,56.241873278236916,2.1545454545454548,0.3975206611570248,100.04,30.02,19,40,1,0,1,0,Spring
Birmingham,AL,187.5,67.90307692307692,68.0521978021978,66.75851648351649,2.326648351648352,2.3373626373626375,96.08,17.96,33,90,1,0,19,0,Spring
Bloomington,IN,269.1,58.21818681318681,57.54120879120879,72.47884615384615,3.318131868131868,3.1274725274725275,91.04,-0.04,40,144,10,0,23,0,Spring
Boise,ID,1528,42.682307692307695,41.145604395604394,65.11565934065933,1.6835164835164835,1.5939560439560438,80.06,-4,69,116,60,0,4,0,Spring
Boston,MA,24.7,57.19703296703297,56.51923076923077,75.28571428571429,3.0821428571428573,4.241758241758242,84.92,1.94,39,103,4,0,12,0,Spring
Boulder,CO,1793.1,45.22653846153846,43.3489010989011,49.16538461538462,3.358791208791209,0.8967032967032966,82.94,-9.04,45,73,59,0,17,0,Spring
Brooklyn,NY,32,55.716483516483514,54.92857142857143,72.47197802197802,1.6645604395604396,0.9876373626373626,91.4,-0.94,21,48,1,0,3,0,Spring
Buffalo,NY,647.4,53.92241758241758,52.93681318681319,71.26895604395604,3.3263736263736265,2.476098901098901,92.12,-7.06,28,87,21,0,7,0,Spring
Burlington,VT,97.8,49.98615384615385,49.17307692307692,76.725,2.675274725274725,1.509065934065934,87.98,-16.96,37,75,10,0,1,0,Spring
Charleston,SC,14,69.10818681318682,69.86263736263736,74.49917582417582,3.1082417582417583,3.4972527472527473,96.98,26.06,90,126,0,0,36,0,Spring
Charlotte,NC,358.1,61.044285714285714,60.37362637362637,71.33763736263737,1.807967032967033,3.701648351648352,91.04,19.94,53,104,1,0,13,0,Spring
Chattanooga,TN,388.6,62.40813186813187,61.84065934065934,70.74917582417582,2.146153846153846,3.2365384615384616,91.04,24.08,30,99,0,0,11,0,Spring
Chicago,IL,182.6,54.68791208791209,53.94230769230769,72.38269230769231,3.2846153846153845,1.8876373626373626,96.98,-5.98,23,95,14,0,15,0,Spring
Cincinnati,OH,269.1,57.512032967032965,56.71153846153846,71.81318681318682,2.8057692307692306,1.8247252747252747,91.58,-0.04,17,61,0,0,11,0,Spring
Cleveland,OH,393.2,54.79126373626374,54.02197802197802,73.78131868131868,3.375,2.974725274725275,91.04,-0.04,15,67,11,0,7,0,Spring
College Station,TX,13.4,72.31258241758242,73.97802197802197,73.0456043956044,2.4346153846153844,3.9596153846153843,93.92,33.8,34,127,1,0,36,0,Spring
Colorado Springs,CO,1278.3,46.29862637362638,44.48626373626374,49.80989010989011,3.568956043956044,0.8104395604395604,87.08,-9.04,42,68,55,0,12,0,Spring
Columbia,SC,12.2,68.62604395604396,69.33791208791209,75.10027472527473,3.266208791208791,5.4532967032967035,93.92,24.08,79,124,0,0,32,1,Spring
Columbus,OH,393.2,55.011318681318684,54.20054945054945,72.76456043956044,3.3796703296703297,2.145879120879121,91.58,-0.04,8,55,2,0,8,0,Spring
Dallas,TX,165.8,68.24478021978022,68.45879120879121,66.91208791208791,2.9843406593406594,3.7634615384615384,96.8,24.08,10,102,0,0,31,0,Spring
Dayton,OH,269.1,56.62637362637363,55.82967032967033,72.18873626373626,2.9802197802197803,2.2895604395604394,91.58,-0.04,17,61,0,0,11,0,Spring
Denver,CO,1793.1,45.22653846153846,43.3489010989011,49.16538461538462,3.358791208791209,0.8967032967032966,82.94,-9.04,45,73,59,0,17,0,Spring
Des Moines,IA,264.6,54.65675824175824,53.85989010989011,70.6837912087912,4.325274725274725,3.0057692307692307,96.98,-9.04,25,123,13,0,45,0,Spring
Detroit,MI,393.2,54.79126373626374,54.02197802197802,73.78131868131868,3.375,2.974725274725275,91.04,-0.04,15,67,11,0,7,0,Spring
Durham,NC,56.7,62.00956043956044,61.77472527472528,76.00631868131867,2.0173076923076922,3.9239010989010987,93.02,19.94,13,75,0,0,13,0,Spring
Eugene,OR,48.5,52.947747252747256,51.68956043956044,74.60686813186813,2.3876373626373626,3.159340659340659,93.92,26.96,131,168,16,0,3,0,Spring
Everett,WA,14.3,52.316758241758244,51.15934065934066,80.44258241758241,3.750824175824176,1.1211538461538462,77,30.02,83,92,0,0,2,0,Spring
Fayetteville,AR,122.8,62.59406593406593,62.26648351648352,71.70302197802198,1.9425824175824176,3.1846153846153844,91.94,19.04,22,84,1,0,22,0,Spring
Fort Collins,CO,1793.1,48.16340659340659,46.252747252747255,52.488186813186815,2.754120879120879,0.364010989010989,84.92,-2.02,18,40,14,0,13,0,Spring
Fort Lauderdale,FL,8.8,79.82016483516483,84.31043956043956,74.41291208791209,3.3483516483516484,6.006868131868131,98.06,44.96,5,198,0,0,95,2,Spring
Fort Myers,FL,3.1,79.02895604395604,83.0576923076923,75.37307692307692,3.9304945054945053,4.691208791208791,96.08,44.96,8,210,0,0,104,1,Spring
Fort Wayne,IN,189.6,55.19824175824176,54.464285714285715,72.73241758241758,3.633241758241758,1.5236263736263735,96.08,1.04,24,78,16,0,12,0,Spring
Fort Worth,TX,192,68.6215934065934,68.74450549450549,64.975,3.0695054945054947,4.151923076923077,96.8,21.92,7,98,0,0,30,0,Spring
Fresno,CA,101.5,65.25351648351648,63.739010989010985,50.13379120879121,1.8571428571428572,0.27774725274725276,100.94,30.2,4,30,0,0,4,0,Spring
Grand Rapids,MI,253,54.191428571428574,53.28846153846154,71.01923076923077,3.778296703296703,2.735164835164835,93.92,-0.94,41,148,15,0,22,0,Spring
Greensboro,NC,358.1,61.044285714285714,60.37362637362637,71.33763736263737,1.807967032967033,3.701648351648352,91.04,19.94,53,104,1,0,13,0,Spring
Greenville,SC,40.2,66.08576923076923,66.24725274725274,73.24532967032967,1.9857142857142858,3.2093406593406595,96.08,23,107,112,0,0,17,0,Spring
Harrisburg,PA,95.1,56.37467032967033,55.645604395604394,73.10631868131868,1.7497252747252747,1.5178571428571428,91.4,-0.94,17,56,1,0,8,0,Spring
Hartford,CT,24.7,57.02,56.26923076923077,73.40741758241758,2.6807692307692306,3.915934065934066,93.02,1.94,47,133,6,0,12,0,Spring
Houston,TX,4.9,72.13307692307693,73.74175824175825,76.61538461538461,2.9752747252747254,4.883241758241758,96.08,30.02,50,147,0,0,42,0,Spring
Huntsville,AL,187.5,63.902032967032966,63.47802197802198,69.71895604395604,1.9343406593406594,2.5846153846153848,91.94,17.96,13,89,0,0,17,0,Spring
Indianapolis,IN,269.1,58.21818681318681,57.54120879120879,72.47884615384615,3.318131868131868,3.1274725274725275,91.04,-0.04,40,144,10,0,23,0,Spring
Irvine,CA,124.7,73.2021978021978,71.63736263736264,39.136813186813185,2.3862637362637362,0.2368131868131868,107.96,34.52,7,29,0,0,4,0,Spring
Jacksonville,FL,7.9,71.40516483516484,72.71428571428571,79.51016483516483,2.9675824175824177,4.0733516483516485,98.06,28.04,51,125,0,0,52,0,Spring
Jersey City,NJ,32,55.716483516483514,54.92857142857143,72.47197802197802,1.6645604395604396,0.9876373626373626,91.4,-0.94,21,48,1,0,3,0,Spring
Kansas City,MO,303.9,59.17258241758242,58.5,68.21236263736263,4.0747252747252745,2.6282967032967033,93.92,10.04,15,100,9,0,28,0,Spring
Knoxville,TN,645.3,61.68714285714286,61.09615384615385,69.85604395604396,1.810989010989011,2.5456043956043954,89.96,15.8,36,90,1,0,12,0,Spring
Las Vegas,NV,1042.4,70.29351648351648,67.8076923076923,27.449175824175825,3.1598901098901098,0.1782967032967033,105.08,28.94,0,30,1,0,19,0,Spring
Lexington,KY,416.1,59.206703296703296,58.387362637362635,69.91483516483517,1.3041208791208792,2.214835164835165,89.06,8.06,52,101,7,0,11,0,Spring
Lincoln,NE,299.3,55.801043956043955,54.86538461538461,67.02472527472527,4.248626373626373,2.497802197802198,100.94,3.02,19,115,16,2,42,0,Spring
Little Rock,AR,88.4,66.0471978021978,66.31593406593407,71.60906593406594,2.1126373626373627,2.5604395604395602,93.92,17.96,29,84,1,0,17,0,Spring
Long Beach,CA,124.7,73.2021978021978,71.63736263736264,39.136813186813185,2.3862637362637362,0.2368131868131868,107.96,34.52,7,29,0,0,4,0,Spring
Los Angeles,CA,124.7,73.2021978021978,71.63736263736264,39.136813186813185,2.3862637362637362,0.2368131868131868,107.96,34.52,7,29,0,0,4,0,Spring
Louisville,KY,269.1,58.308681318681316,57.57692307692308,71.64587912087912,2.9934065934065934,2.2906593406593405,91.04,-0.04,31,108,9,0,20,0,Spring
Lubbock,TX,283.5,64.73923076923077,63.98076923076923,59.9739010989011,3.332967032967033,2.098901098901099,100.76,21.02,7,69,1,0,34,0,Spring
Madison,WI,201.8,52.62186813186813,51.84615384615385,74.98241758241758,3.764010989010989,3.0956043956043957,93.92,-7.96,24,60,2,0,12,0,Spring
Manchester,NH,24.7,57.24302197802198,56.50824175824176,74.13214285714285,3.191758241758242,4.201098901098901,84.92,1.94,50,135,5,0,14,0,Spring
Melbourne,FL,23.5,75.9110989010989,78.59615384615384,76.60274725274725,3.438736263736264,4.466208791208791,95,28.04,62,159,0,0,80,1,Spring
Memphis,TN,99.7,62.88434065934066,62.46978021978022,69.03076923076924,2.6914835164835167,2.9137362637362636,93.02,8.96,32,104,4,0,14,0,Spring
Miami,FL,2.4,80.69642857142857,86.10714285714286,75.36978021978022,3.5670329670329672,4.59065934065934,98.06,44.96,9,186,0,0,68,0,Spring
Milwaukee,WI,201.8,55.47021978021978,54.64835164835165,68.47912087912088,4.068131868131868,2.8906593406593406,96.98,-0.04,13,130,16,0,22,0,Spring
Minneapolis,MN,269.8,49.37593406593407,48.472527472527474,72.75,3.395879120879121,2.7964285714285713,95,-13,50,122,35,0,24,0,Spring
Mobile,AL,57.9,70.7529120879121,71.79120879120879,72.98241758241758,2.686813186813187,3.840934065934066,96.08,28.04,47,115,0,0,51,0,Spring
Nashville,TN,190.2,63.49456043956044,63.08791208791209,69.61098901098902,2.5387362637362636,2.292032967032967,93.02,15.98,27,107,3,0,15,0,Spring
New Haven,CT,24.7,56.76978021978022,56.02197802197802,73.27527472527473,2.648076923076923,3.6796703296703295,91.04,1.94,50,125,5,0,13,0,Spring
New Orleans,LA,1.2,73.73032967032967,75.69505494505495,71.11785714285715,3.9565934065934067,2.608791208791209,91.4,30.92,44,62,0,0,19,1,Spring
New York,NY,24.7,55.61214285714286,54.88186813186813,74.00137362637362,1.9802197802197803,1.1945054945054945,91.4,1.94,24,47,1,0,4,0,Spring
Newark,NJ,32,55.716483516483514,54.92857142857143,72.47197802197802,1.6645604395604396,0.9876373626373626,91.4,-0.94,21,48,1,0,3,0,Spring
Norfolk,VA,4,62.74340659340659,62.777472527472526,78.44862637362637,2.141208791208791,2.3997252747252746,96.8,19.94,12,42,0,0,3,0,Spring
Oakland,CA,46.3,63.13305785123967,61.77685950413223,56.241873278236916,2.1545454545454548,0.3975206611570248,100.04,30.02,19,40,1,0,1,0,Spring
Oklahoma City,OK,310,64.0137912087912,63.45054945054945,63.56840659340659,4.713186813186813,2.665934065934066,98.96,15.98,16,99,8,0,30,0,Spring
Olympia,WA,14.3,52.00620879120879,50.857142857142854,81.59203296703296,3.5425824175824174,1.6832417582417583,81.86,30.02,83,92,0,0,2,0,Spring
Omaha,NE,291.7,55.51521978021978,54.57967032967033,66.06758241758241,4.078021978021978,2.042032967032967,100.94,1.94,23,123,16,0,42,1,Spring
Orlando,FL,23.5,74.74456043956044,76.87637362637362,77.54395604395604,3.2755494505494505,4.018406593406594,96.08,28.04,70,151,0,0,66,0,Spring
Pensacola,FL,57.9,70.16692307692308,71.08516483516483,74.56346153846154,2.582692307692308,3.5076923076923077,96.08,28.04,48,113,0,0,52,0,Spring
Philadelphia,PA,32,55.716483516483514,54.92857142857143,72.47197802197802,1.6645604395604396,0.9876373626373626,91.4,-0.94,21,48,1,0,3,0,Spring
Phoenix,AZ,449,71.13615384615385,69.43681318681318,36.99093406593406,2.3142857142857145,0.5510989010989011,105.8,21.02,2,48,0,0,18,0,Spring
Pittsburgh,PA,603.2,55.79016483516484,54.89835164835165,71.02005494505495,1.8873626373626373,3.0173076923076922,89.06,-9.94,73,148,13,0,11,0,Spring
Plano,TX,165.8,68.12708791208792,68.29395604395604,66.68159340659341,2.7222527472527474,3.28021978021978,96.8,24.08,7,62,0,0,14,0,Spring
Portland,ME,40.5,54.396153846153844,53.49175824175824,71.10521978021978,3.4983516483516484,3.2697802197802197,93.92,-5.98,41,135,5,0,11,0,Spring
Portland,OR,16.8,53.77554945054945,52.67307692307692,78.07967032967034,1.5868131868131867,3.5596153846153844,91.04,26.06,69,189,0,0,0,0,Spring
Queens,NY,32,55.716483516483514,54.92857142857143,72.47197802197802,1.6645604395604396,0.9876373626373626,91.4,-0.94,21,48,1,0,3,0,Spring
Raleigh,NC,56.7,62.00956043956044,61.77472527472528,76.00631868131867,2.0173076923076922,3.9239010989010987,93.02,19.94,13,75,0,0,13,0,Spring
Reno,NV,18.9,60.11065934065934,58.28846153846154,50.893406593406596,2.0489010989010987,0.5942307692307692,98.96,24.08,9,45,2,1,8,0,Spring
Richmond,VA,7,63.377857142857145,63.40384615384615,75.75796703296703,2.1664835164835163,2.332967032967033,96.8,19.04,14,39,0,0,5,0,Spring
Rochester,NY,144.8,54.13010989010989,53.23626373626374,72.13489010989011,3.1153846153846154,2.4126373626373625,92.12,-7.06,14,86,19,0,6,0,Spring
Rockville,MD,62.5,59.43467032967033,58.92307692307692,75.35192307692307,1.914835164835165,3.7354395604395605,93.02,14,47,119,1,0,17,0,Spring
Sacramento,CA,46.3,63.13305785123967,61.77685950413223,56.241873278236916,2.1545454545454548,0.3975206611570248,100.04,30.02,19,40,1,0,1,0,Spring
Saint Louis,MO,102.4,59.918296703296704,59.40659340659341,70.16153846153846,3.0063186813186813,2.5741758241758244,96.08,-7.96,76,111,8,0,31,1,Spring
Saint Paul,MN,269.8,49.37593406593407,48.472527472527474,72.75,3.395879120879121,2.7964285714285713,95,-13,50,122,35,0,24,0,Spring
Saint Petersburg,FL,23.5,74.41620879120879,76.27747252747253,76.61016483516484,3.1142857142857143,3.0118131868131868,96.08,28.04,67,148,0,0,70,0,Spring
Salem,OR,16.8,53.77554945054945,52.67307692307692,78.07967032967034,1.5868131868131867,3.5596153846153844,91.04,26.06,69,189,0,0,0,0,Spring
Salt Lake City,UT,1804.7,52.457197802197804,50.40659340659341,46.87747252747253,2.7,0.5230769230769231,89.96,15.98,5,51,6,0,9,0,Spring
San Antonio,TX,145.1,71.63758241758242,72.50549450549451,67.70714285714286,3.2381868131868132,2.1535714285714285,98.96,33.08,40,109,0,0,27,0,Spring
San Diego,CA,124.7,74.80489010989011,73.07967032967034,33.47637362637363,2.685164835164835,0.20384615384615384,109.94,34.52,6,34,0,0,3,0,Spring
San Francisco,CA,33.2,63.16380165289256,61.83471074380165,56.61349862258953,2.1228650137741045,0.4931129476584022,98.96,32,11,34,0,0,2,0,Spring
San Jose,CA,46.3,63.13305785123967,61.77685950413223,56.241873278236916,2.1545454545454548,0.3975206611570248,100.04,30.02,19,40,1,0,1,0,Spring
Santa Barbara,CA,54.6,69.16851648351648,68.4065934065934,56.30521978021978,1.012087912087912,0.41620879120879123,95,37.04,6,29,0,0,0,0,Spring
Santa Rosa,CA,33.2,63.16380165289256,61.83471074380165,56.61349862258953,2.1228650137741045,0.4931129476584022,98.96,32,11,34,0,0,2,0,Spring
Seattle,WA,14.3,52.00620879120879,50.857142857142854,81.59203296703296,3.5425824175824174,1.6832417582417583,81.86,30.02,83,92,0,0,2,0,Spring
Shreveport,LA,87.8,66.7845054945055,66.9010989010989,70.88351648351649,2.1829670329670328,2.8332417582417584,96.26,26.96,12,30,0,0,8,0,Spring
Sioux Falls,SD,401.4,50.651263736263736,49.854395604395606,74.75467032967033,4.5442307692307695,2.3975274725274724,102.02,-9.04,30,109,18,0,30,0,Spring
Spokane,WA,364.5,48.926923076923075,47.2967032967033,65.24203296703297,2.146153846153846,1.562087912087912,92.3,17.96,14,39,8,0,0,0,Spring
Springfield,MO,392.3,61.25642857142857,60.642857142857146,69.35412087912088,3.201923076923077,2.45,91.04,15.08,28,96,6,0,27,0,Spring
Syracuse,NY,144.8,51.46274725274725,50.66208791208791,75.17967032967033,3.0945054945054946,3.649175824175824,93.02,-7.06,66,160,40,0,12,0,Spring
Tacoma,WA,14.3,52.83747252747253,51.59615384615385,77.93956043956044,3.372802197802198,1.582967032967033,87.08,30.02,117,150,0,0,2,0,Spring
Tampa,FL,23.5,74.89093406593406,77.0989010989011,76.48214285714286,3.1123626373626374,2.818406593406593,96.8,28.04,61,117,0,0,49,0,Spring
Tucson,AZ,1438.4,67.71516483516484,66.01373626373626,40.831593406593406,2.7728021978021977,0.9074175824175824,102.92,30.92,3,72,2,5,31,0,Spring
Tulsa,OK,198.1,63.534615384615385,63.17857142857143,66.70576923076923,3.736813186813187,2.857142857142857,93.92,17.06,19,94,1,0,29,0,Spring
Vancouver,WA,16.8,53.77554945054945,52.67307692307692,78.07967032967034,1.5868131868131867,3.5596153846153844,91.04,26.06,69,189,0,0,0,0,Spring
Virginia Beach,VA,4,64.10626373626374,64.14285714285714,77.28379120879121,3.190659340659341,3.3502747252747254,96.8,19.94,40,113,0,0,15,0,Spring
Washington,DC,88.4,58.32005494505494,57.60164835164835,71.45521978021978,2.512087912087912,3.1403846153846153,91.94,1.94,46,134,4,0,19,0,Spring
West Palm Beach,FL,3.1,79.02895604395604,83.0576923076923,75.37307692307692,3.9304945054945053,4.691208791208791,96.08,44.96,8,210,0,0,104,1,Spring
Wichita,KS,364.5,59.45543956043956,58.7967032967033,69.26703296703296,4.320054945054945,2.482142857142857,91.94,8.96,28,112,7,0,30,0,Spring
Winston-salem,NC,358.1,61.044285714285714,60.37362637362637,71.33763736263737,1.807967032967033,3.701648351648352,91.04,19.94,53,104,1,0,13,0,Spring
Akron,OH,393.2,71.09277173913044,71.41847826086956,71.47690217391305,2.8182065217391306,2.8940217391304346,93.02,44.06,13,78,0,0,30,0,Summer
Albany,NY,111.3,71.24244565217391,71.58967391304348,71.68315217391304,2.142119565217391,3.4078804347826086,105.08,39.92,35,160,0,0,13,0,Summer
Albuquerque,NM,1618.5,72.8991304347826,71.66032608695652,41.05516304347826,4.194293478260869,1.8796195652173913,102.02,44.96,9,167,1,2,66,0,Summer
Ann Arbor,MI,189.6,71.91695652173912,72.2554347826087,68.6258152173913,2.8766304347826086,3.1339673913043478,95,45.5,4,73,0,0,23,0,Summer
Arlington,TX,165.8,83.50641304347826,87.1875,63.60081521739131,3.220108695652174,2.0144021739130435,107.96,60.08,4,100,0,0,41,0,Summer
Arlington,VA,62.5,75.5658855585831,77.11444141689373,72.98174386920981,1.580926430517711,4.138692098092643,98.96,48.02,38,100,0,0,47,0,Summer
Asheville,NC,358.1,76.26141304347826,77.55163043478261,72.73994565217392,1.6559782608695652,3.1769021739130436,98.06,53.96,52,174,0,0,105,0,Summer
Athens,GA,104.6,78.55739130434783,81.1086956521739,74.59755434782609,1.4839673913043478,3.1959239130434782,102.92,51.98,37,160,0,0,104,0,Summer
Atlanta,GA,104.6,78.55739130434783,81.1086956521739,74.59755434782609,1.4839673913043478,3.1959239130434782,102.92,51.98,37,160,0,0,104,0,Summer
Augusta,GA,14,81.00695652173913,85.16304347826087,73.47065217391304,2.6652173913043478,3.884782608695652,102.02,57.02,58,210,0,1,157,0,Summer
Austin,TX,240.5,83.73972826086957,88.00815217391305,64.28777173913043,3.966576086956522,2.3220108695652173,107.06,64.04,16,84,0,0,37,0,Summer
Bakersfield,CA,54.6,72.75434782608696,72.85597826086956,65.8078804347826,1.3157608695652174,0.027717391304347826,114.08,55.04,3,10,0,0,1,0,Summer
Baltimore,MD,14.3,72.82272479564033,73.69209809264305,75.08910081743869,1.6046321525885558,2.331607629427793,96.8,42.8,25,73,0,0,34,0,Summer
Bellevue,WA,14.3,59.827608695652174,59.01086956521739,74.96358695652174,3.2557065217391306,0.3141304347826087,91.58,44.96,32,45,0,0,1,0,Summer
Bellingham,WA,14.3,60.38815217391304,59.380434782608695,69.12690217391304,2.6921195652173915,0.4217391304347826,96.44,30.74,32,45,0,0,1,0,Summer
Berkeley,CA,46.3,76.07016304347826,75.20923913043478,44.126902173913045,3.1008152173913044,0.016576086956521737,107.06,44.96,0,5,0,0,1,0,Summer
Birmingham,AL,187.5,80.89054347826087,84.6195652173913,70.95081521739131,2.1081521739130435,4.4138586956521735,100.04,57.92,28,195,0,0,135,0,Summer
Bloomington,IN,269.1,74.65853260869565,75.7336956521739,72.26603260869565,2.8388586956521737,4.013858695652174,96.08,48.02,41,155,0,0,96,0,Summer
Boise,ID,1528,63.99451086956522,62.08152173913044,42.346739130434784,2.0953804347826086,0.5627717391304348,98.06,30.92,6,67,2,0,18,0,Summer
Boston,MA,24.7,70.87853260869565,71.5163043478261,77.40081521739131,2.6192934782608694,2.1717391304347826,93.02,44.6,46,95,0,0,13,0,Summer
Boulder,CO,1793.1,62.33244565217392,60.47010869565217,46.64184782608696,3.2570652173913044,1.7894021739130435,95,26.06,11,195,0,7,123,1,Summer
Brooklyn,NY,32,72.38260869565218,72.99728260869566,72.3945652173913,1.361141304347826,1.6418478260869565,96.98,42.8,28,70,0,0,21,0,Summer
Buffalo,NY,647.4,69.49478260869566,69.47282608695652,68.2266304347826,2.875,2.6328804347826087,96.08,39.02,36,96,0,0,18,0,Summer
Burlington,VT,97.8,67.38076086956522,67.32336956521739,73.04510869565217,2.6293478260869567,1.6910326086956522,93.02,37.04,40,90,0,0,23,0,Summer
Charleston,SC,14,81.30288043478261,85.86684782608695,73.59972826086957,2.9434782608695653,4.148369565217391,100.04,62.06,54,214,0,1,155,0,Summer
Charlotte,NC,358.1,76.26141304347826,77.55163043478261,72.73994565217392,1.6559782608695652,3.1769021739130436,98.06,53.96,52,174,0,0,105,0,Summer
Chattanooga,TN,388.6,76.95010869565218,78.72826086956522,75.1758152173913,1.9081521739130434,2.7255434782608696,96.8,50,24,128,0,0,78,0,Summer
Chicago,IL,182.6,71.8841847826087,72.32608695652173,70.79592391304348,2.752445652173913,3.4842391304347826,96.98,42.8,45,119,0,0,63,0,Summer
Cincinnati,OH,269.1,73.60641304347826,74.53260869565217,73.57717391304348,2.3127717391304348,2.7021739130434783,93.92,48.02,23,79,0,0,46,0,Summer
Cleveland,OH,393.2,71.09277173913044,71.41847826086956,71.47690217391305,2.8182065217391306,2.8940217391304346,93.02,44.06,13,78,0,0,30,0,Summer
College Station,TX,13.4,83.31516304347826,90.03260869565217,73.3983695652174,2.297282608695652,3.2820652173913043,105.08,66.74,8,141,0,0,76,0,Summer
Colorado Springs,CO,1278.3,63.95195652173913,62.19836956521739,46.24402173913043,3.3527173913043478,1.4239130434782608,102.92,26.06,11,169,0,6,101,0,Summer
Columbia,SC,12.2,81.19233695652174,86.02717391304348,74.85516304347826,3.176358695652174,5.6081521739130435,100.04,59,45,202,0,0,147,0,Summer
Columbus,OH,393.2,71.33146739130434,71.71467391304348,72.76059782608695,2.7948369565217392,2.46875,92.12,44.96,11,70,0,0,31,0,Summer
Dallas,TX,165.8,83.50641304347826,87.1875,63.60081521739131,3.220108695652174,2.0144021739130435,107.96,60.08,4,100,0,0,41,0,Summer
Dayton,OH,269.1,72.87907608695652,73.67934782608695,73.78777173913043,2.527173913043478,3.2668478260869565,93.92,46.94,23,79,0,0,46,0,Summer
Denver,CO,1793.1,62.33244565217392,60.47010869565217,46.64184782608696,3.2570652173913044,1.7894021739130435,95,26.06,11,195,0,7,123,1,Summer
Des Moines,IA,264.6,73.71989130434783,74.8070652173913,72.23722826086957,3.523913043478261,4.026086956521739,100.94,44.06,38,145,0,2,93,0,Summer
Detroit,MI,393.2,71.09277173913044,71.41847826086956,71.47690217391305,2.8182065217391306,2.8940217391304346,93.02,44.06,13,78,0,0,30,0,Summer
Durham,NC,56.7,77.6133695652174,79.97826086956522,74.6991847826087,1.9353260869565216,3.7258152173913044,102.02,47.3,15,78,0,0,55,0,Summer
Eugene,OR,48.5,66.79527173913044,65.82065217391305,55.96005434782609,2.563858695652174,0.28043478260869564,107.96,35.06,20,40,2,0,3,0,Summer
Everett,WA,14.3,60.59701086956522,59.87771739130435,75.00217391304348,3.0714673913043478,0.20842391304347826,87.98,44.96,32,45,0,0,1,0,Summer
Fayetteville,AR,122.8,79.03038043478261,82.32608695652173,74.08804347826087,1.6459239130434782,3.5154891304347826,100.94,53.06,30,134,0,0,71,0,Summer
Fort Collins,CO,1793.1,67.38907608695652,65.93478260869566,44.987228260869564,2.8948369565217393,0.9907608695652174,102.92,32,8,90,0,1,60,1,Summer
Fort Lauderdale,FL,8.8,83.51472826086956,90.28532608695652,73.06304347826087,3.0244565217391304,7.231521739130435,96.08,69.98,14,265,0,0,199,1,Summer
Fort Myers,FL,3.1,83.08820652173912,89.57336956521739,74.204619565217385,3.3380434782608694,5.361413043478261,96.98,66.92,7,244,0,0,173,0,Summer
Fort Wayne,IN,189.6,72.3116847826087,72.67663043478261,66.97309782608696,3.1279891304347824,2.3807065217391306,96.08,42.8,6,103,0,0,37,0,Summer
Fort Worth,TX,192,84.03320652173913,87.32065217391305,60.938043478260866,3.2793478260869566,1.7182065217391305,107.96,59,4,95,0,0,35,0,Summer
Fresno,CA,101.5,81.72548913043478,80.22010869565217,32.577445652173914,2.764130434782609,0.03125,109.94,41,0,6,0,0,4,0,Summer
Grand Rapids,MI,253,71.23119565217391,71.49728260869566,69.85407608695652,3.086141304347826,3.1394021739130435,93.92,42.98,57,168,0,0,60,0,Summer
Greensboro,NC,358.1,76.26141304347826,77.55163043478261,72.73994565217392,1.6559782608695652,3.1769021739130436,98.06,53.96,52,174,0,0,105,0,Summer
Greenville,SC,40.2,80.68364130434783,84.41032608695652,72.15869565217392,2.046467391304348,3.257608695652174,105.08,57.02,65,190,0,0,126,0,Summer
Harrisburg,PA,95.1,72.77465940054496,73.49318801089919,72.78010899182561,1.5258855585831064,1.6348773841961852,96.8,42.8,17,73,0,0,37,0,Summer
Hartford,CT,24.7,71.83673913043478,72.4945652173913,73.54782608695652,2.4331521739130433,2.308423913043478,96.98,44.6,50,127,0,0,14,0,Summer
Houston,TX,4.9,82.45086956521739,88.96195652173913,76.56141304347827,2.951358695652174,6.746467391304348,104,62.96,28,179,0,0,97,1,Summer
Huntsville,AL,187.5,78.03451086956522,80.37228260869566,74.92826086956522,1.7733695652173913,3.797554347826087,98.96,50,27,130,0,0,98,0,Summer
Indianapolis,IN,269.1,74.65853260869565,75.7336956521739,72.26603260869565,2.8388586956521737,4.013858695652174,96.08,48.02,41,155,0,0,96,0,Summer
Irvine,CA,124.7,85.46978260869565,84.42391304347827,37.94592391304348,2.9809782608695654,0.1092391304347826,120.92,51.8,5,15,0,0,4,0,Summer
Jacksonville,FL,7.9,80.357880434782615,84.8288043478261,79.22907608695652,2.579891304347826,5.93179347826087,100.94,60.08,43,271,0,0,244,0,Summer
Jersey City,NJ,32,72.38260869565218,72.99728260869566,72.3945652173913,1.361141304347826,1.6418478260869565,96.98,42.8,28,70,0,0,21,0,Summer
Kansas City,MO,303.9,77.27097826086957,79.38858695652173,71.08396739130434,3.517119565217391,4.0410326086956525,100.04,51.98,21,135,0,0,82,0,Summer
Knoxville,TN,645.3,75.98309782608696,77.4211956521739,72.5883152173913,1.7529891304347827,2.161413043478261,102.02,48.2,26,131,0,0,74,0,Summer
Las Vegas,NV,1042.4,91.13880434782608,87.70923913043478,19.472554347826087,3.697282608695652,0.3665760869565217,116.96,50,0,69,0,0,57,0,Summer
Lexington,KY,416.1,73.85635869565218,74.77717391304348,74.80869565217391,0.9008152173913043,3.7247282608695653,93.92,48.2,99,134,0,0,73,0,Summer
Lincoln,NE,299.3,75.91119565217392,77.1304347826087,67.68016304347826,3.6883152173913043,3.9133152173913044,105.08,50,23,141,0,0,96,0,Summer
Little Rock,AR,88.4,81.35472826086956,86.19565217391305,73.09130434782608,2.1991847826086954,3.597282608695652,105.08,57.92,19,144,0,0,94,0,Summer
Long Beach,CA,124.7,85.46978260869565,84.42391304347827,37.94592391304348,2.9809782608695654,0.1092391304347826,120.92,51.8,5,15,0,0,4,0,Summer
Los Angeles,CA,124.7,85.46978260869565,84.42391304347827,37.94592391304348,2.9809782608695654,0.1092391304347826,120.92,51.8,5,15,0,0,4,0,Summer
Louisville,KY,269.1,74.54847826086957,75.6086956521739,72.33940217391304,2.505434782608696,3.0608695652173914,96.08,48.02,31,121,0,0,70,0,Summer
Lubbock,TX,283.5,79.44271739130434,80.51902173913044,56.46413043478261,3.2032608695652174,2.69375,102.92,51.98,6,120,0,0,94,0,Summer
Madison,WI,201.8,70.6804347826087,71.15489130434783,75.58152173913044,3.066576086956522,3.2081521739130436,93.02,42.08,34,80,0,2,43,0,Summer
Manchester,NH,24.7,70.97978260869566,71.625,77.28369565217392,2.8067934782608694,2.027717391304348,93.02,44.6,57,123,0,0,19,0,Summer
Melbourne,FL,23.5,81.48483695652173,86.99184782608695,77.53885869565218,2.954619565217391,6.6383152173913045,96.98,66.92,40,246,0,0,191,0,Summer
Memphis,TN,99.7,79.3654347826087,82.6195652173913,73.0266304347826,2.4453804347826087,3.6144021739130436,98.96,53.06,19,150,0,0,90,0,Summer
Miami,FL,2.4,84.3438043478261,92.51902173913044,73.69347826086957,2.880163043478261,5.796467391304348,96.08,69.98,14,232,0,0,171,0,Summer
Milwaukee,WI,201.8,72.76510869565217,73.09510869565217,66.22853260869566,3.4932065217391304,3.8855978260869564,96.98,42.08,10,161,0,3,84,0,Summer
Minneapolis,MN,269.8,69.24092391304347,69.25815217391305,70.90489130434783,2.9793478260869564,4.101902173913044,96.98,39.92,70,152,0,0,73,0,Summer
Mobile,AL,57.9,81.2720652173913,86.5,77.19836956521739,2.3247282608695654,6.881521739130434,100.94,59,53,239,0,0,181,1,Summer
Nashville,TN,190.2,78.5128804347826,81.05434782608695,73.6804347826087,2.14375,3.2679347826086955,100.04,46.04,13,113,0,0,71,0,Summer
New Haven,CT,24.7,71.53054347826087,72.17391304347827,74.86358695652174,2.305163043478261,2.435326086956522,96.98,42.98,64,128,0,0,26,0,Summer
New Orleans,LA,1.2,82.87543478260869,89.05978260869566,73.14891304347826,3.25,2.9016304347826085,98.96,62.06,28,102,0,0,81,0,Summer
New York,NY,24.7,71.71201086956522,72.30163043478261,74.39429347826086,1.7002717391304347,1.4309782608695651,96.98,42.8,29,62,0,0,19,0,Summer
Newark,NJ,32,72.38260869565218,72.99728260869566,72.3945652173913,1.361141304347826,1.6418478260869565,96.98,42.8,28,70,0,0,21,0,Summer
Norfolk,VA,4,77.70239130434783,80.5679347826087,77.45625,1.7953804347826088,2.7171195652173914,102.2,47.3,17,42,0,0,22,0,Summer
Oakland,CA,46.3,76.07016304347826,75.20923913043478,44.126902173913045,3.1008152173913044,0.016576086956521737,107.06,44.96,0,5,0,0,1,0,Summer
Oklahoma City,OK,310,81.62375,83.86684782608695,60.83641304347826,4.581793478260869,2.4019021739130433,111.02,53.96,11,117,0,0,60,0,Summer
Olympia,WA,14.3,59.827608695652174,59.01086956521739,74.96358695652174,3.2557065217391306,0.3141304347826087,91.58,44.96,32,45,0,0,1,0,Summer
Omaha,NE,291.7,75.68179347826087,76.77717391304348,65.86766304347826,3.5285326086956523,4.0839673913043475,100.94,50,27,152,0,2,102,0,Summer
Orlando,FL,23.5,80.56576086956521,85.54347826086956,80.19483695652174,2.6720108695652174,6.6116847826086955,96.98,66.92,54,257,0,0,209,1,Summer
Pensacola,FL,57.9,80.69733695652174,85.66032608695652,78.89021739130435,2.1182065217391304,5.85,100.94,59,59,235,0,0,181,0,Summer
Philadelphia,PA,32,72.38260869565218,72.99728260869566,72.3945652173913,1.361141304347826,1.6418478260869565,96.98,42.8,28,70,0,0,21,0,Summer
Phoenix,AZ,449,88.75380434782609,87.16304347826087,29.425271739130434,2.8133152173913043,0.7521739130434782,118.4,50,1,79,0,1,62,0,Summer
Pittsburgh,PA,603.2,71.44201086956522,71.88858695652173,73.86630434782609,1.7410326086956522,4.248097826086957,93.92,44.06,92,196,0,0,53,0,Summer
Plano,TX,165.8,82.98010869565218,86.5625,64.50326086956522,2.830978260869565,2.0244565217391304,105.98,60.08,3,75,0,0,29,0,Summer
Portland,ME,40.5,71.14951086956522,71.41847826086956,67.85190217391305,3.266304347826087,2.491304347826087,100.04,39.92,24,145,0,1,34,0,Summer
Portland,OR,16.8,67.71141304347826,66.90217391304348,58.48396739130435,2.564673913043478,0.38967391304347826,104,39.92,4,61,0,0,2,0,Summer
Queens,NY,32,72.38260869565218,72.99728260869566,72.3945652173913,1.361141304347826,1.6418478260869565,96.98,42.8,28,70,0,0,21,0,Summer
Raleigh,NC,56.7,77.6133695652174,79.97826086956522,74.6991847826087,1.9353260869565216,3.7258152173913044,102.02,47.3,15,78,0,0,55,0,Summer
Reno,NV,18.9,76.77304347826087,75.6413043478261,37.011413043478264,2.619836956521739,0.022554347826086955,114.08,39.92,0,27,0,0,17,0,Summer
Richmond,VA,7,78.20179347826087,81.13586956521739,75.32581521739131,1.8119565217391305,2.7959239130434783,102.2,47.3,13,39,0,0,23,0,Summer
Rochester,NY,144.8,69.90809782608696,69.95108695652173,68.575,2.752445652173913,2.679891304347826,96.08,39.02,12,95,0,0,23,0,Summer
Rockville,MD,62.5,75.45945504087193,76.96730245231608,72.53242506811989,1.8376021798365123,3.7970027247956404,98.96,48.02,52,137,0,0,59,0,Summer
Sacramento,CA,46.3,76.07016304347826,75.20923913043478,44.126902173913045,3.1008152173913044,0.016576086956521737,107.06,44.96,0,5,0,0,1,0,Summer
Saint Louis,MO,102.4,77.79532608695652,80.21739130434783,72.65923913043478,2.626358695652174,3.2967391304347826,100.94,51.08,39,140,0,2,82,0,Summer
Saint Paul,MN,269.8,69.24092391304347,69.25815217391305,70.90489130434783,2.9793478260869564,4.101902173913044,96.98,39.92,70,152,0,0,73,0,Summer
Saint Petersburg,FL,23.5,80.41559782608695,84.97826086956522,79.41494565217391,2.4769021739130435,7.107336956521739,98.06,66.92,49,285,0,0,244,1,Summer
Salem,OR,16.8,67.71141304347826,66.90217391304348,58.48396739130435,2.564673913043478,0.38967391304347826,104,39.92,4,61,0,0,2,0,Summer
Salt Lake City,UT,1804.7,75.32179347826087,73.59510869565217,28.37391304347826,3.0695652173913044,0.4127717391304348,102.02,42.08,0,68,0,0,33,0,Summer
San Antonio,TX,145.1,83.96228260869566,88.07336956521739,62.96358695652174,3.5918478260869566,1.3883152173913043,107.06,63.5,11,100,0,0,40,0,Summer
San Diego,CA,124.7,89.392119565217385,87.97010869565217,30.754076086956523,3.2472826086956523,0.12635869565217392,120.92,51.8,4,28,0,0,3,0,Summer
San Francisco,CA,33.2,74.3508695652174,73.6086956521739,47.870652173913044,2.9016304347826085,0.011956521739130435,109.94,46.94,0,4,0,0,0,0,Summer
San Jose,CA,46.3,76.07016304347826,75.20923913043478,44.126902173913045,3.1008152173913044,0.016576086956521737,107.06,44.96,0,5,0,0,1,0,Summer
Santa Barbara,CA,54.6,72.75434782608696,72.85597826086956,65.8078804347826,1.3157608695652174,0.027717391304347826,114.08,55.04,3,10,0,0,1,0,Summer
Santa Rosa,CA,33.2,74.3508695652174,73.6086956521739,47.870652173913044,2.9016304347826085,0.011956521739130435,109.94,46.94,0,4,0,0,0,0,Summer
Seattle,WA,14.3,59.827608695652174,59.01086956521739,74.96358695652174,3.2557065217391306,0.3141304347826087,91.58,44.96,32,45,0,0,1,0,Summer
Shreveport,LA,87.8,81.70152173913044,85.52445652173913,69.03369565217392,2.127445652173913,2.6380434782608697,104,59.9,5,27,0,0,15,0,Summer
Sioux Falls,SD,401.4,71.33733695652174,71.97554347826087,73.83940217391304,3.8097826086956523,3.430163043478261,96.98,42.98,38,118,0,0,66,0,Summer
Spokane,WA,364.5,71.12554347826087,69.61141304347827,40.017391304347825,2.4105978260869567,0.5187499999999999,111.92,35.78,0,10,0,0,0,0,Summer
Springfield,MO,392.3,77.76940217391305,80.19021739130434,73.29347826086956,2.728532608695652,3.6913043478260867,98.96,51.08,31,126,0,0,73,0,Summer
Syracuse,NY,144.8,68.27489130434783,68.2336956521739,71.61684782608695,2.7141304347826085,3.853804347826087,95,39.02,52,179,0,0,58,0,Summer
Tacoma,WA,14.3,60.87141304347826,60.08967391304348,72.96548913043479,2.788586956521739,0.33070652173913045,87.98,44.06,60,69,0,0,2,0,Summer
Tampa,FL,23.5,80.58875,85.34782608695652,79.7266304347826,2.4910326086956522,9.191304347826087,96.98,66.92,46,269,0,0,206,0,Summer
Tucson,AZ,1438.4,80.98690217391304,80.1711956521739,41.79701086956522,2.8701086956521737,2.2184782608695652,111.92,51.08,3,194,1,3,149,0,Summer
Tulsa,OK,198.1,80.79565217391304,84.16847826086956,67.65869565217392,3.589673913043478,3.7144021739130433,109.94,55.04,18,111,0,0,67,0,Summer
Vancouver,WA,16.8,67.71141304347826,66.90217391304348,58.48396739130435,2.564673913043478,0.38967391304347826,104,39.92,4,61,0,0,2,0,Summer
Virginia Beach,VA,4,78.59994565217391,81.63586956521739,73.93179347826087,2.7904891304347825,2.981521739130435,102.2,53.96,30,125,0,0,79,0,Summer
Washington,DC,88.4,74.66882833787466,75.71117166212534,70.8016348773842,2.1010899182561307,4.265395095367848,96.8,48.02,45,161,1,3,83,0,Summer
West Palm Beach,FL,3.1,83.08820652173912,89.57336956521739,74.204619565217385,3.3380434782608694,5.361413043478261,96.98,66.92,7,244,0,0,173,0,Summer
Wichita,KS,364.5,77.90244565217391,80.04891304347827,69.57364130434783,3.926358695652174,3.582880434782609,105.08,51.08,17,121,0,0,85,0,Summer
Winston-salem,NC,358.1,76.26141304347826,77.55163043478261,72.73994565217392,1.6559782608695652,3.1769021739130436,98.06,53.96,52,174,0,0,105,0,Summer
Akron,OH,393.2,48.24402173913043,47.05434782608695,67.81467391304348,3.7880434782608696,3.2008152173913045,93.92,15.98,25,72,31,0,16,0,Fall
Albany,NY,111.3,49.05059782608696,47.73641304347826,60.76195652173913,3.051358695652174,2.3388586956521737,96.08,6.98,50,158,33,0,4,0,Fall
Albuquerque,NM,1618.5,54.21532608695652,51.255434782608695,33.55788043478261,5.489402173913043,0.4771739130434783,91.94,15.98,28,72,18,3,17,0,Fall
Ann Arbor,MI,189.6,48.14521739130435,46.942934782608695,65.79375,3.796467391304348,2.7157608695652176,93.02,17.42,17,70,22,0,12,0,Fall
Arlington,TX,165.8,66.21565217391304,65.92391304347827,68.60108695652174,3.842391304347826,4.064402173913043,100.94,24.08,22,142,1,0,66,0,Fall
Arlington,VA,62.5,56.42375,55.17391304347826,61.139945652173914,2.340489130434783,2.567663043478261,93.92,24.98,26,115,13,0,18,0,Fall
Asheville,NC,358.1,59.75521739130435,58.54076086956522,61.41005434782609,2.4293478260869565,3.850271739130435,95,21.92,40,162,6,0,39,0,Fall
Athens,GA,104.6,63.28722826086957,62.51086956521739,66.6929347826087,2.051630434782609,2.8980978260869565,96.08,23,21,120,0,0,31,0,Fall
Atlanta,GA,104.6,63.28722826086957,62.51086956521739,66.6929347826087,2.051630434782609,2.8980978260869565,96.08,23,21,120,0,0,31,0,Fall
Augusta,GA,14,66.9791847826087,66.4836956521739,64.51603260869565,3.3864130434782607,3.6258152173913043,96.08,28.04,77,123,0,1,41,1,Fall
Austin,TX,240.5,70.01032608695652,70.2038043478261,68.14103260869565,4.327989130434783,3.688586956521739,100.04,24.08,49,161,0,0,63,0,Fall
Bakersfield,CA,54.6,63.70690217391304,62.58695652173913,60.595652173913045,1.3304347826086957,0.6160326086956521,104,42.98,9,45,0,0,0,0,Fall
Baltimore,MD,14.3,51.91983695652174,50.70108695652174,64.85652173913043,2.483967391304348,1.346467391304348,93.92,12.2,19,87,11,0,6,0,Fall
Bellevue,WA,14.3,50.908315217391305,49.25815217391305,75.22717391304347,3.8559782608695654,0.7369565217391304,76.64,24.08,33,89,0,0,1,0,Fall
Bellingham,WA,14.3,49.68353260869565,47.91576086956522,71.31440217391304,3.1807065217391304,0.7135869565217391,84.2,20.66,33,89,0,0,1,0,Fall
Berkeley,CA,46.3,60.86016304347826,59.46467391304348,59.96875,2.957880434782609,0.8350543478260869,109.04,26.96,4,56,0,0,5,0,Fall
Birmingham,AL,187.5,66.55902173913043,65.97282608695652,63.405434782608694,2.795380434782609,4.2853260869565215,100.04,26.06,23,141,1,0,54,0,Fall
Bloomington,IN,269.1,55.23663043478261,54.13858695652174,63.49211956521739,4.105163043478261,3.878260869565217,93.02,19.04,32,181,34,2,62,0,Fall
Boise,ID,1528,41.56054347826087,40.15217391304348,64.59429347826087,2.3334239130434784,2.286684782608696,95,-5.08,59,156,92,0,21,0,Fall
Boston,MA,24.7,47.670760869565214,46.41576086956522,69.31086956521739,3.3758152173913043,3.100271739130435,91.94,12.92,66,113,25,0,9,0,Fall
Boulder,CO,1793.1,41.221576086956524,39.48641304347826,50.75625,3.925,1.5407608695652173,95,-7.96,64,95,109,4,42,0,Fall
Brooklyn,NY,32,50.68673913043478,49.40760869565217,62.522282608695654,2.2277173913043478,0.8953804347826086,96.98,12.2,22,70,12,0,6,0,Fall
Buffalo,NY,647.4,45.47407608695652,44.32608695652174,65.18532608695652,3.746467391304348,2.2567934782608696,91.94,3.92,15,76,48,0,9,0,Fall
Burlington,VT,97.8,42.31625,41.29891304347826,65.20108695652173,3.1073369565217392,0.7945652173913044,91.94,3.02,19,60,26,0,8,0,Fall
Charleston,SC,14,67.55,67.09782608695652,64.35570652173914,3.663858695652174,3.5277173913043476,96.08,30.92,68,126,0,1,47,1,Fall
Charlotte,NC,358.1,59.75521739130435,58.54076086956522,61.41005434782609,2.4293478260869565,3.850271739130435,95,21.92,40,162,6,0,39,0,Fall
Chattanooga,TN,388.6,61.0670652173913,60.04076086956522,65.96548913043479,2.5252717391304347,2.8543478260869564,95,19.4,27,118,1,0,33,0,Fall
Chicago,IL,182.6,50.09538043478261,48.65760869565217,58.39836956521739,4.041304347826087,2.0692934782608696,93.92,8.06,20,112,23,0,23,0,Fall
Cincinnati,OH,269.1,54.64625,53.53532608695652,64.50516304347826,3.628532608695652,2.4820652173913045,94.46,18.5,15,91,14,1,27,0,Fall
Cleveland,OH,393.2,48.24402173913043,47.05434782608695,67.81467391304348,3.7880434782608696,3.2008152173913045,93.92,15.98,25,72,31,0,16,0,Fall
College Station,TX,13.4,70.7591847826087,71.47826086956522,73.37065217391304,3.3342391304347827,4.170380434782609,98.96,30.02,19,145,0,0,56,0,Fall
Colorado Springs,CO,1278.3,42.73836956521739,41.02173913043478,49.59510869565217,4.236413043478261,1.6051630434782609,100.04,-7.96,61,90,99,2,30,0,Fall
Columbia,SC,12.2,66.70869565217392,66.21739130434783,65.67445652173913,3.8592391304347826,3.3885869565217392,95,30.02,62,124,0,1,40,0,Fall
Columbus,OH,393.2,50.59380434782609,49.46467391304348,67.73423913043479,4.04429347826087,3.05,94.46,15.98,21,78,20,0,19,0,Fall
Dallas,TX,165.8,66.21565217391304,65.92391304347827,68.60108695652174,3.842391304347826,4.064402173913043,100.94,24.08,22,142,1,0,66,0,Fall
Dayton,OH,269.1,53.300163043478264,52.17391304347826,65.47608695652174,3.8032608695652175,3.2144021739130433,94.46,18.5,15,91,14,1,27,0,Fall
Denver,CO,1793.1,41.221576086956524,39.48641304347826,50.75625,3.925,1.5407608695652173,95,-7.96,64,95,109,4,42,0,Fall
Des Moines,IA,264.6,51.46739130434783,50.141304347826086,62.41983695652174,4.857880434782609,2.5956521739130434,93.92,6.98,28,152,32,2,55,0,Fall
Detroit,MI,393.2,48.24402173913043,47.05434782608695,67.81467391304348,3.7880434782608696,3.2008152173913045,93.92,15.98,25,72,31,0,16,0,Fall
Durham,NC,56.7,60.09369565217391,59.20652173913044,65.96385869565218,2.6682065217391306,2.863858695652174,94.28,24.08,12,74,6,1,24,0,Fall
Eugene,OR,48.5,50.77478260869565,49.22010869565217,74.07336956521739,2.4119565217391306,2.651086956521739,96.08,21.92,92,206,19,0,3,0,Fall
Everett,WA,14.3,51.14505434782609,49.52445652173913,75.17826086956522,3.7625,0.5918478260869565,76.64,24.08,33,89,0,0,1,0,Fall
Fayetteville,AR,122.8,61.01619565217391,60.171195652173914,68.45353260869565,2.6293478260869567,5.280434782608696,96.98,21.92,23,155,7,0,70,0,Fall
Fort Collins,CO,1793.1,44.60880434782609,42.69836956521739,56.447554347826085,3.189945652173913,1.0114130434782609,98.96,-0.04,16,71,21,2,33,0,Fall
Fort Lauderdale,FL,8.8,76.88603260869566,78.39673913043478,66.12771739130434,4.0491847826086955,2.811413043478261,93.92,44.96,5,126,0,0,42,0,Fall
Fort Myers,FL,3.1,75.9004347826087,77.1413043478261,67.49402173913043,4.435597826086957,3.2546195652173915,93.92,41,7,131,0,0,47,0,Fall
Fort Wayne,IN,189.6,49.23451086956522,47.76358695652174,57.675,4.275271739130435,1.9407608695652174,93.02,17.96,26,100,34,0,17,0,Fall
Fort Worth,TX,192,66.17554347826086,65.83152173913044,67.32092391304347,3.9418478260869567,3.841032608695652,100.94,24.08,17,134,2,0,62,0,Fall
Fresno,CA,101.5,62.78831521739131,61.25,53.67663043478261,2.5891304347826085,0.6361413043478261,109.04,30.2,2,46,0,2,7,0,Fall
Grand Rapids,MI,253,49.12103260869565,47.92934782608695,65.20625,4.418478260869565,2.7831521739130434,93.02,10.94,38,150,42,0,35,0,Fall
Greensboro,NC,358.1,59.75521739130435,58.54076086956522,61.41005434782609,2.4293478260869565,3.850271739130435,95,21.92,40,162,6,0,39,0,Fall
Greenville,SC,40.2,65.38266304347826,64.69565217391305,64.32228260869566,2.701630434782609,3.221195652173913,96.98,26.06,77,136,0,0,36,0,Fall
Harrisburg,PA,95.1,51.310869565217395,50.078804347826086,63.02282608695652,2.4105978260869567,1.2345108695652174,95,12.2,22,89,16,0,16,0,Fall
Hartford,CT,24.7,48.77717391304348,47.41576086956522,64.86141304347827,3.117663043478261,2.791032608695652,93.02,12.92,68,150,27,0,9,0,Fall
Houston,TX,4.9,70.67596730245232,71.35422343324251,75.09373297002725,3.9446866485013623,4.5967302452316074,96.98,30.02,65,155,0,0,47,0,Fall
Huntsville,AL,187.5,62.47380434782609,61.63858695652174,66.17853260869565,2.4372282608695652,3.4820652173913045,95,19.4,7,111,1,0,45,0,Fall
Indianapolis,IN,269.1,55.23663043478261,54.13858695652174,63.49211956521739,4.105163043478261,3.878260869565217,93.02,19.04,32,181,34,2,62,0,Fall
Irvine,CA,124.7,69.01152173913043,67.32336956521739,41.26304347826087,3.023641304347826,0.22934782608695653,116.06,31.46,4,40,0,0,4,0,Fall
Jacksonville,FL,7.9,68.76255434782608,68.71739130434783,69.98233695652173,3.3690217391304347,2.4834239130434783,96.08,30.02,39,109,1,1,59,0,Fall
Jersey City,NJ,32,50.68673913043478,49.40760869565217,62.522282608695654,2.2277173913043478,0.8953804347826086,96.98,12.2,22,70,12,0,6,0,Fall
Kansas City,MO,303.9,56.90211956521739,55.60326086956522,62.88858695652174,4.622554347826087,3.7206521739130434,93.92,8.96,20,154,15,0,68,0,Fall
Knoxville,TN,645.3,60.478641304347825,59.30434782608695,61.71385869565218,2.5383152173913044,2.217663043478261,96.98,21.2,27,113,4,0,25,0,Fall
Las Vegas,NV,1042.4,68.10467391304348,65.48641304347827,23.346467391304348,3.8793478260869567,0.3201086956521739,107.06,17.96,0,40,0,0,15,0,Fall
Lexington,KY,416.1,57.17896739130435,55.96739130434783,61.84646739130435,2.067934782608696,3.4418478260869567,91.94,17.6,59,146,18,0,35,0,Fall
Lincoln,NE,299.3,53.396521739130435,51.92391304347826,62.08016304347826,4.7807065217391305,3.2421195652173913,98.06,8.96,20,145,24,1,62,0,Fall
Little Rock,AR,88.4,64.58195652173913,64.07336956521739,67.37934782608696,2.922282608695652,5.691304347826087,98.96,24.98,31,145,1,0,72,0,Fall
Long Beach,CA,124.7,69.01152173913043,67.32336956521739,41.26304347826087,3.023641304347826,0.22934782608695653,116.06,31.46,4,40,0,0,4,0,Fall
Los Angeles,CA,124.7,69.01152173913043,67.32336956521739,41.26304347826087,3.023641304347826,0.22934782608695653,116.06,31.46,4,40,0,0,4,0,Fall
Louisville,KY,269.1,55.66559782608696,54.557065217391305,63.338315217391305,3.807065217391304,2.642391304347826,93.02,19.04,23,133,26,1,42,0,Fall
Lubbock,TX,283.5,65.34402173913044,63.91304347826087,49.030706521739134,4.186141304347826,1.851358695652174,100.94,15.44,24,92,3,0,56,0,Fall
Madison,WI,201.8,48.252826086956524,47.02445652173913,66.43559782608696,4.246739130434783,1.9771739130434782,92.48,6.98,12,77,16,0,16,0,Fall
Manchester,NH,24.7,47.647282608695654,46.40489130434783,69.3445652173913,3.559239130434783,2.69945652173913,91.94,12.92,78,150,30,0,9,0,Fall
Melbourne,FL,23.5,72.72646739130435,73.30163043478261,68.3,3.7581521739130435,3.3717391304347823,96.08,32,52,119,0,0,58,0,Fall
Memphis,TN,99.7,61.82032608695652,60.95108695652174,65.37798913043478,3.555978260869565,4.142391304347826,98.06,21.92,17,149,4,0,65,0,Fall
Miami,FL,2.4,77.57472826086956,79.82336956521739,68.81630434782609,3.8290760869565217,2.178804347826087,95,44.96,5,101,0,0,31,0,Fall
Milwaukee,WI,201.8,49.337717391304345,47.95923913043478,62.70108695652174,4.563586956521739,3.1415760869565217,95,6.98,24,154,36,0,35,0,Fall
Minneapolis,MN,269.8,45.61152173913043,44.328804347826086,60.7054347826087,3.619836956521739,2.360869565217391,91.94,3.02,34,129,44,0,27,0,Fall
Mobile,AL,57.9,69.09565217391304,69.19021739130434,70.88125,3.3209239130434782,3.3355978260869565,96.98,28.04,59,133,0,0,62,0,Fall
Nashville,TN,190.2,62.071739130434786,61.21195652173913,66.44836956521739,3.0445652173913045,3.610869565217391,98.06,19.04,20,136,2,0,59,0,Fall
New Haven,CT,24.7,48.59423913043478,47.29347826086956,66.11684782608695,3.0130434782608697,2.732608695652174,95,12.92,72,152,28,0,14,0,Fall
New Orleans,LA,1.2,71.31923913043478,71.89945652173913,71.53777173913043,4.201358695652174,3.264130434782609,96.08,33.08,52,78,1,0,44,0,Fall
New York,NY,24.7,49.50157608695652,48.28804347826087,65.3983695652174,2.466576086956522,0.9375,95,12.2,30,72,13,0,7,0,Fall
Newark,NJ,32,50.68673913043478,49.40760869565217,62.522282608695654,2.2277173913043478,0.8953804347826086,96.98,12.2,22,70,12,0,6,0,Fall
Norfolk,VA,4,59.0983152173913,58.192934782608695,66.82717391304348,2.6644021739130435,1.8790760869565217,94.28,24.08,9,34,2,0,4,0,Fall
Oakland,CA,46.3,60.86016304347826,59.46467391304348,59.96875,2.957880434782609,0.8350543478260869,109.04,26.96,4,56,0,0,5,0,Fall
Oklahoma City,OK,310,62.274728260869566,61.22282608695652,60.66684782608696,5.396195652173913,3.269565217391304,102.92,15.98,26,129,3,3,77,1,Fall
Olympia,WA,14.3,50.908315217391305,49.25815217391305,75.22717391304347,3.8559782608695654,0.7369565217391304,76.64,24.08,33,89,0,0,1,0,Fall
Omaha,NE,291.7,53.3216847826087,51.75815217391305,59.29673913043478,4.648097826086956,2.661413043478261,95,8.96,22,157,28,1,61,0,Fall
Orlando,FL,23.5,72.1341304347826,72.49184782608695,67.74673913043479,3.4660326086956523,2.8839673913043478,96.08,32,61,112,0,0,57,0,Fall
Pensacola,FL,57.9,68.47739130434783,68.49184782608695,71.67798913043478,3.1084239130434783,3.1836956521739133,96.98,28.04,77,129,0,0,58,0,Fall
Philadelphia,PA,32,50.68673913043478,49.40760869565217,62.522282608695654,2.2277173913043478,0.8953804347826086,96.98,12.2,22,70,12,0,6,0,Fall
Phoenix,AZ,449,69.07951086956521,66.70923913043478,25.14320652173913,2.9304347826086956,0.33749999999999997,107.6,19.04,1,25,1,0,8,0,Fall
Pittsburgh,PA,603.2,52.94652173913043,51.72554347826087,63.56739130434783,2.636141304347826,4.355706521739131,91.94,15.08,42,194,44,0,24,0,Fall
Plano,TX,165.8,66.02929347826087,65.74728260869566,69.60679347826087,3.4328804347826085,4.0445652173913045,100.94,24.98,19,120,1,0,49,0,Fall
Portland,ME,40.5,47.29364130434783,46.005434782608695,61.194021739130434,4.142119565217391,2.575271739130435,95,10.94,38,151,46,0,5,0,Fall
Portland,OR,16.8,52.5058152173913,50.91304347826087,72.31684782608696,1.9959239130434783,2.7730978260869565,98.96,19.94,20,187,1,0,2,0,Fall
Queens,NY,32,50.68673913043478,49.40760869565217,62.522282608695654,2.2277173913043478,0.8953804347826086,96.98,12.2,22,70,12,0,6,0,Fall
Raleigh,NC,56.7,60.09369565217391,59.20652173913044,65.96385869565218,2.6682065217391306,2.863858695652174,94.28,24.08,12,74,6,1,24,0,Fall
Reno,NV,18.9,58.00413043478261,56.21195652173913,56.38478260869565,2.822554347826087,0.8891304347826087,107.06,24.98,5,53,4,0,3,0,Fall
Richmond,VA,7,59.173152173913046,58.244565217391305,65.44375,2.7108695652173913,1.7676630434782608,95,24.08,10,36,2,0,6,0,Fall
Rochester,NY,144.8,45.48679347826087,44.328804347826086,65.41929347826087,3.571195652173913,2.3932065217391303,91.94,3.92,15,75,46,0,10,0,Fall
Rockville,MD,62.5,55.83875,54.619565217391305,62.33016304347826,2.6771739130434784,3.1355978260869564,93.92,23,33,151,20,0,23,0,Fall
Sacramento,CA,46.3,60.86016304347826,59.46467391304348,59.96875,2.957880434782609,0.8350543478260869,109.04,26.96,4,56,0,0,5,0,Fall
Saint Louis,MO,102.4,57.98603260869565,56.994565217391305,66.99836956521739,3.9660326086956523,4.890217391304348,95,17.06,29,161,19,1,59,0,Fall
Saint Paul,MN,269.8,45.61152173913043,44.328804347826086,60.7054347826087,3.619836956521739,2.360869565217391,91.94,3.02,34,129,44,0,27,0,Fall
Saint Petersburg,FL,23.5,71.99472826086956,72.23641304347827,66.44048913043478,3.3019021739130436,2.8494565217391306,96.08,32,62,124,0,1,66,0,Fall
Salem,OR,16.8,52.5058152173913,50.91304347826087,72.31684782608696,1.9959239130434783,2.7730978260869565,98.96,19.94,20,187,1,0,2,0,Fall
Salt Lake City,UT,1804.7,51.84989130434783,49.19021739130435,43.988586956521736,3.3529891304347825,0.6793478260869565,99.5,10.94,6,68,18,1,15,0,Fall
San Antonio,TX,145.1,70.15608695652173,70.39402173913044,68.01358695652173,3.758695652173913,3.10625,102.92,24.08,38,144,0,0,67,0,Fall
San Diego,CA,124.7,71.59951086956522,69.72010869565217,33.85434782608696,3.5519021739130436,0.21630434782608696,116.06,31.46,3,51,0,0,3,0,Fall
San Francisco,CA,33.2,60.68163043478261,59.29347826086956,61.113586956521736,2.8869565217391306,0.9796195652173914,109.94,24.98,4,57,0,0,5,0,Fall
San Jose,CA,46.3,60.86016304347826,59.46467391304348,59.96875,2.957880434782609,0.8350543478260869,109.04,26.96,4,56,0,0,5,0,Fall
Santa Barbara,CA,54.6,63.70690217391304,62.58695652173913,60.595652173913045,1.3304347826086957,0.6160326086956521,104,42.98,9,45,0,0,0,0,Fall
Santa Rosa,CA,33.2,60.68163043478261,59.29347826086956,61.113586956521736,2.8869565217391306,0.9796195652173914,109.94,24.98,4,57,0,0,5,0,Fall
Seattle,WA,14.3,50.908315217391305,49.25815217391305,75.22717391304347,3.8559782608695654,0.7369565217391304,76.64,24.08,33,89,0,0,1,0,Fall
Shreveport,LA,87.8,66.37021739130435,66.06521739130434,69.07228260869566,2.9771739130434782,4.384510869565218,98.06,24.98,18,55,0,0,22,0,Fall
Sioux Falls,SD,401.4,48.25625,46.99184782608695,67.48451086956521,5.528804347826087,2.503532608695652,93.02,-0.04,25,132,37,0,38,0,Fall
Spokane,WA,364.5,51.26733695652174,49.28804347826087,57.826358695652175,2.5932065217391305,1.7067934782608696,96.98,6.98,1,38,0,0,6,0,Fall
Springfield,MO,392.3,59.13353260869565,58.12228260869565,67.03369565217392,3.973913043478261,4.916304347826087,95,17.06,35,170,11,0,71,0,Fall
Syracuse,NY,144.8,45.03434782608696,43.88586956521739,64.09048913043479,3.6730978260869565,2.9402173913043477,91.04,-0.04,65,173,86,0,28,0,Fall
Tacoma,WA,14.3,51.35146739130435,49.76086956521739,75.53152173913044,3.5932065217391305,0.9070652173913043,86,24.08,48,129,0,0,1,0,Fall
Tampa,FL,23.5,72.2270652173913,72.69836956521739,68.01521739130435,3.2774456521739133,2.632608695652174,96.08,32,52,98,0,0,43,0,Fall
Tucson,AZ,1438.4,65.96961956521739,63.307065217391305,23.347282608695654,3.414945652173913,0.41875,105.08,24.08,2,31,1,0,9,0,Fall
Tulsa,OK,198.1,61.565,60.58695652173913,63.35353260869565,4.54945652173913,4.370652173913044,98.06,14,19,153,4,5,75,0,Fall
Vancouver,WA,16.8,52.5058152173913,50.91304347826087,72.31684782608696,1.9959239130434783,2.7730978260869565,98.96,19.94,20,187,1,0,2,0,Fall
Virginia Beach,VA,4,59.6525,58.78260869565217,68.32255434782608,3.838586956521739,2.6839673913043476,91.4,19.94,25,114,4,0,17,0,Fall
Washington,DC,88.4,54.33076086956522,53.05163043478261,60.45,3.154891304347826,3.2375,93.92,21.02,31,187,25,0,31,0,Fall
West Palm Beach,FL,3.1,75.9004347826087,77.1413043478261,67.49402173913043,4.435597826086957,3.2546195652173915,93.92,41,7,131,0,0,47,0,Fall
Wichita,KS,364.5,57.518913043478264,56.22282608695652,63.10951086956522,5.067119565217391,3.8516304347826087,96.98,10.04,20,131,7,0,65,0,Fall
Winston-salem,NC,358.1,59.75521739130435,58.54076086956522,61.41005434782609,2.4293478260869565,3.850271739130435,95,21.92,40,162,6,0,39,0,Fall
